{
  "id": "1869011",
  "name": "frozen",
  "font_family": "iconfont",
  "css_prefix_text": "icon-",
  "description": "",
  "glyphs": [
    {
      "icon_id": "5809145",
      "name": "编写",
      "font_class": "bianxie",
      "unicode": "e67b",
      "unicode_decimal": 59003
    },
    {
      "icon_id": "4933238",
      "name": "分享",
      "font_class": "fenxiang",
      "unicode": "e6ff",
      "unicode_decimal": 59135
    },
    {
      "icon_id": "6978098",
      "name": "地址",
      "font_class": "dizhi",
      "unicode": "e625",
      "unicode_decimal": 58917
    },
    {
      "icon_id": "90525",
      "name": "更多",
      "font_class": "gengduo",
      "unicode": "e610",
      "unicode_decimal": 58896
    },
    {
      "icon_id": "435928",
      "name": "密码",
      "font_class": "mima",
      "unicode": "e7b8",
      "unicode_decimal": 59320
    },
    {
      "icon_id": "521075",
      "name": "关闭",
      "font_class": "guanbi",
      "unicode": "e62b",
      "unicode_decimal": 58923
    },
    {
      "icon_id": "608357",
      "name": "箭头",
      "font_class": "jiantouarrow492",
      "unicode": "e6b0",
      "unicode_decimal": 59056
    },
    {
      "icon_id": "796370",
      "name": "右箭头-小",
      "font_class": "youjiantouxiao",
      "unicode": "e606",
      "unicode_decimal": 58886
    },
    {
      "icon_id": "1012784",
      "name": "关闭",
      "font_class": "iconfontzhizuobiaozhun46",
      "unicode": "e62d",
      "unicode_decimal": 58925
    },
    {
      "icon_id": "1664369",
      "name": "右箭头",
      "font_class": "youjiantou",
      "unicode": "e731",
      "unicode_decimal": 59185
    },
    {
      "icon_id": "1833862",
      "name": "左箭头",
      "font_class": "zuojiantou",
      "unicode": "e735",
      "unicode_decimal": 59189
    },
    {
      "icon_id": "2570238",
      "name": "关闭",
      "font_class": "guanbi1",
      "unicode": "e67f",
      "unicode_decimal": 59007
    },
    {
      "icon_id": "2775500",
      "name": "搜索",
      "font_class": "sousuo",
      "unicode": "e61a",
      "unicode_decimal": 58906
    },
    {
      "icon_id": "4171147",
      "name": "关闭",
      "font_class": "guanbi2",
      "unicode": "e608",
      "unicode_decimal": 58888
    },
    {
      "icon_id": "4437603",
      "name": "下箭头",
      "font_class": "xiajiantou",
      "unicode": "e615",
      "unicode_decimal": 58901
    },
    {
      "icon_id": "4770750",
      "name": "下箭头",
      "font_class": "xiajiantou1",
      "unicode": "e63c",
      "unicode_decimal": 58940
    },
    {
      "icon_id": "4933195",
      "name": "关闭-眼睛",
      "font_class": "guanbi-yanjing",
      "unicode": "e6e3",
      "unicode_decimal": 59107
    },
    {
      "icon_id": "5037716",
      "name": "上箭头",
      "font_class": "shangjiantou",
      "unicode": "e628",
      "unicode_decimal": 58920
    },
    {
      "icon_id": "5270852",
      "name": "收 藏-产品详情",
      "font_class": "shoucang",
      "unicode": "e613",
      "unicode_decimal": 58899
    },
    {
      "icon_id": "6539450",
      "name": "眼睛",
      "font_class": "yanjing",
      "unicode": "e68c",
      "unicode_decimal": 59020
    },
    {
      "icon_id": "7440455",
      "name": "收藏",
      "font_class": "shoucang1",
      "unicode": "e6a7",
      "unicode_decimal": 59047
    },
    {
      "icon_id": "8348137",
      "name": "上箭头",
      "font_class": "shangjiantou1",
      "unicode": "e71e",
      "unicode_decimal": 59166
    },
    {
      "icon_id": "9512556",
      "name": "收藏",
      "font_class": "favorite-fill",
      "unicode": "e61f",
      "unicode_decimal": 58911
    },
    {
      "icon_id": "9810495",
      "name": "收藏",
      "font_class": "shoucang2",
      "unicode": "e633",
      "unicode_decimal": 58931
    },
    {
      "icon_id": "12025963",
      "name": "箭头",
      "font_class": "jiantou",
      "unicode": "e7a7",
      "unicode_decimal": 59303
    },
    {
      "icon_id": "12316676",
      "name": "收藏",
      "font_class": "shoucang3",
      "unicode": "e624",
      "unicode_decimal": 58916
    },
    {
      "icon_id": "12816703",
      "name": "收藏",
      "font_class": "shoucang4",
      "unicode": "e618",
      "unicode_decimal": 58904
    },
    {
      "icon_id": "14046413",
      "name": "收藏",
      "font_class": "shoucang5",
      "unicode": "e607",
      "unicode_decimal": 58887
    },
    {
      "icon_id": "9369734",
      "name": "用户",
      "font_class": "yonghu",
      "unicode": "e60c",
      "unicode_decimal": 58892
    },
    {
      "icon_id": "2127117",
      "name": "返回",
      "font_class": "back",
      "unicode": "e60a",
      "unicode_decimal": 58890
    }
  ]
}
